{
  "bots": [
    {
      "name": "epa-hta-alert-bot",
      "id": "CHANGE_THIS_TO_YOUR_BOT_ID",
      "source": "src/index.ts",
      "dist": "dist/index.js",
      "description": "Bot de alertas automáticas de hipertensión arterial para EPA Bienestar IA",
      "runtimeVersion": "awslambda",
      "events": [
        {
          "resourceType": "Observation",
          "event": "onWrite",
          "criteria": "Observation?code=http://loinc.org|85354-9"
        }
      ]
    }
  ],
  "vmContextOptions": {
    "timeout": 10000,
    "memoryLimit": 512
  }
}
