{
  "resourceType": "Communication",
  "id": "ejemplo-alerta-hta",
  "status": "completed",
  "priority": "urgent",
  "category": [
    {
      "coding": [
        {
          "system": "http://terminology.hl7.org/CodeSystem/communication-category",
          "code": "alert",
          "display": "Alert"
        }
      ],
      "text": "Alerta Médica Automática"
    }
  ],
  "subject": {
    "reference": "Patient/ejemplo-paciente-grupo-b",
    "display": "María González"
  },
  "recipient": [
    {
      "reference": "Practitioner/dra-analia-aquieri",
      "display": "Dra. Analía Aquieri"
    }
  ],
  "sent": "2025-12-04T10:31:00-03:00",
  "sender": {
    "reference": "Device/epa-hta-bot",
    "display": "EPA-HTA Alert Bot"
  },
  "payload": [
    {
      "contentString": "⚠️ ALERTA MAYOR HTA: PA 165/105 mmHg. Requiere contacto médico urgente."
    },
    {
      "contentString": "Paciente: María González\nPA: 165/105 mmHg\nFecha: 2025-12-04T10:30:00-03:00\nGrupo: B (Planificación Maternidad)\nNota: Paciente reporta dolor de cabeza leve"
    }
  ],
  "reasonReference": [
    {
      "reference": "Observation/ejemplo-pa-critica"
    }
  ],
  "note": [
    {
      "text": "Alerta generada automáticamente por EPA-HTA-Bot. Severidad: major_alert. Se requiere contacto dentro de 2 horas.",
      "time": "2025-12-04T10:31:00-03:00"
    }
  ]
}
