{
  "resourceType": "Observation",
  "id": "ejemplo-pa-critica",
  "status": "final",
  "category": [
    {
      "coding": [
        {
          "system": "http://terminology.hl7.org/CodeSystem/observation-category",
          "code": "vital-signs",
          "display": "Vital Signs"
        }
      ]
    }
  ],
  "code": {
    "coding": [
      {
        "system": "http://loinc.org",
        "code": "85354-9",
        "display": "Blood pressure panel with all children optional"
      }
    ],
    "text": "Presión Arterial"
  },
  "subject": {
    "reference": "Patient/ejemplo-paciente-grupo-b",
    "display": "María González"
  },
  "effectiveDateTime": "2025-12-04T10:30:00-03:00",
  "issued": "2025-12-04T10:30:00-03:00",
  "performer": [
    {
      "reference": "Patient/ejemplo-paciente-grupo-b",
      "display": "María González (auto-medición)"
    }
  ],
  "component": [
    {
      "code": {
        "coding": [
          {
            "system": "http://loinc.org",
            "code": "8480-6",
            "display": "Systolic blood pressure"
          }
        ],
        "text": "Presión Sistólica"
      },
      "valueQuantity": {
        "value": 165,
        "unit": "mmHg",
        "system": "http://unitsofmeasure.org",
        "code": "mm[Hg]"
      }
    },
    {
      "code": {
        "coding": [
          {
            "system": "http://loinc.org",
            "code": "8462-4",
            "display": "Diastolic blood pressure"
          }
        ],
        "text": "Presión Diastólica"
      },
      "valueQuantity": {
        "value": 105,
        "unit": "mmHg",
        "system": "http://unitsofmeasure.org",
        "code": "mm[Hg]"
      }
    }
  ],
  "note": [
    {
      "text": "Paciente reporta dolor de cabeza leve. Medición realizada en reposo después de 5 minutos."
    }
  ]
}
