{
  "resourceType": "Patient",
  "id": "ejemplo-paciente-grupo-b",
  "active": true,
  "name": [
    {
      "use": "official",
      "family": "González",
      "given": ["María", "Laura"]
    }
  ],
  "telecom": [
    {
      "system": "phone",
      "value": "+54 11 4567-8901",
      "use": "mobile",
      "rank": 1
    },
    {
      "system": "email",
      "value": "maria.gonzalez@email.com",
      "use": "home",
      "rank": 1
    }
  ],
  "gender": "female",
  "birthDate": "1992-03-15",
  "address": [
    {
      "use": "home",
      "type": "physical",
      "text": "Av. Santa Fe 1234, Palermo",
      "line": ["Av. Santa Fe 1234", "Piso 5, Depto B"],
      "city": "Buenos Aires",
      "state": "CABA",
      "postalCode": "C1425",
      "country": "AR"
    }
  ],
  "maritalStatus": {
    "coding": [
      {
        "system": "http://terminology.hl7.org/CodeSystem/v3-MaritalStatus",
        "code": "M",
        "display": "Married"
      }
    ]
  },
  "extension": [
    {
      "url": "http://epa-bienestar.com.ar/fhir/StructureDefinition/patient-group",
      "valueString": "B"
    },
    {
      "url": "http://epa-bienestar.com.ar/fhir/StructureDefinition/group-description",
      "valueString": "Mujeres Jóvenes en Crecimiento Personal. Programando su Maternidad. Continuar Desarrollo Profesional."
    },
    {
      "url": "http://epa-bienestar.com.ar/fhir/StructureDefinition/maternal-planning",
      "valueBoolean": true
    },
    {
      "url": "http://epa-bienestar.com.ar/fhir/StructureDefinition/thrive-enrolled",
      "valueBoolean": true
    },
    {
      "url": "http://epa-bienestar.com.ar/fhir/StructureDefinition/plan-bienestar-100",
      "valueBoolean": true
    }
  ],
  "generalPractitioner": [
    {
      "reference": "Practitioner/dra-analia-aquieri",
      "display": "Dra. Analía Aquieri - Cardiología"
    }
  ]
}
