{
  "resourceType": "Practitioner",
  "id": "dra-analia-aquieri",
  "active": true,
  "name": [
    {
      "use": "official",
      "family": "Aquieri",
      "given": ["Analía"],
      "prefix": ["Dra."]
    }
  ],
  "telecom": [
    {
      "system": "phone",
      "value": "+54 11 5555-0001",
      "use": "work"
    },
    {
      "system": "email",
      "value": "a.aquieri@epa-bienestar.com.ar",
      "use": "work"
    }
  ],
  "address": [
    {
      "use": "work",
      "text": "Consultorio EPA Bienestar IA, Buenos Aires",
      "city": "Buenos Aires",
      "state": "CABA",
      "country": "AR"
    }
  ],
  "gender": "female",
  "qualification": [
    {
      "identifier": [
        {
          "system": "http://www.sac.org.ar",
          "value": "SAC-12345"
        }
      ],
      "code": {
        "coding": [
          {
            "system": "http://terminology.hl7.org/CodeSystem/v2-0360",
            "code": "MD",
            "display": "Doctor of Medicine"
          }
        ],
        "text": "Médica Cardióloga"
      },
      "period": {
        "start": "2010-03-15"
      },
      "issuer": {
        "display": "Universidad de Buenos Aires - Facultad de Medicina"
      }
    },
    {
      "code": {
        "coding": [
          {
            "system": "http://snomed.info/sct",
            "code": "394579002",
            "display": "Cardiology"
          }
        ],
        "text": "Especialista en Cardiología"
      },
      "period": {
        "start": "2013-06-20"
      },
      "issuer": {
        "display": "Sociedad Argentina de Cardiología"
      }
    }
  ],
  "communication": [
    {
      "coding": [
        {
          "system": "urn:ietf:bcp:47",
          "code": "es-AR",
          "display": "Spanish (Argentina)"
        }
      ]
    },
    {
      "coding": [
        {
          "system": "urn:ietf:bcp:47",
          "code": "en",
          "display": "English"
        }
      ]
    }
  ],
  "extension": [
    {
      "url": "http://epa-bienestar.com.ar/fhir/StructureDefinition/sac-member",
      "valueBoolean": true
    },
    {
      "url": "http://epa-bienestar.com.ar/fhir/StructureDefinition/specialized-groups",
      "valueString": "A,B,C,D"
    },
    {
      "url": "http://epa-bienestar.com.ar/fhir/StructureDefinition/womens-cardiovascular-health",
      "valueBoolean": true
    }
  ]
}
