{
  "resourceType": "Task",
  "id": "ejemplo-task-seguimiento-hta",
  "status": "requested",
  "intent": "order",
  "priority": "urgent",
  "code": {
    "coding": [
      {
        "system": "http://epa-bienestar.com.ar/task-codes",
        "code": "bp-followup",
        "display": "Seguimiento de Presión Arterial Crítica"
      }
    ],
    "text": "Llamada de Verificación de PA Crítica"
  },
  "description": "ALERTA URGENTE - Contactar a María González dentro de 2 horas. PA: 165/105 mmHg. Evaluar ajuste de tratamiento.",
  "for": {
    "reference": "Patient/ejemplo-paciente-grupo-b",
    "display": "María González"
  },
  "authoredOn": "2025-12-04T10:31:00-03:00",
  "lastModified": "2025-12-04T10:31:00-03:00",
  "requester": {
    "reference": "Device/epa-hta-bot",
    "display": "EPA-HTA Alert Bot"
  },
  "owner": {
    "reference": "Practitioner/dra-analia-aquieri",
    "display": "Dra. Analía Aquieri"
  },
  "reasonReference": {
    "reference": "Communication/ejemplo-alerta-hta"
  },
  "focus": {
    "reference": "Observation/ejemplo-pa-critica"
  },
  "restriction": {
    "period": {
      "start": "2025-12-04T10:31:00-03:00",
      "end": "2025-12-04T12:31:00-03:00"
    },
    "recipient": [
      {
        "reference": "Practitioner/dra-analia-aquieri"
      }
    ]
  },
  "note": [
    {
      "text": "Tarea generada automáticamente por EPA-HTA-Bot. Severidad: major_alert. Tiempo de respuesta objetivo: 120 minutos.",
      "time": "2025-12-04T10:31:00-03:00"
    },
    {
      "text": "Paciente en Grupo B (Planificación de Maternidad). Considerar umbrales estrictos y riesgos específicos de edad reproductiva.",
      "time": "2025-12-04T10:31:00-03:00"
    }
  ],
  "input": [
    {
      "type": {
        "text": "Valores de PA"
      },
      "valueString": "Sistólica: 165 mmHg, Diastólica: 105 mmHg"
    },
    {
      "type": {
        "text": "Grupo"
      },
      "valueString": "B - Planificación Maternidad"
    },
    {
      "type": {
        "text": "Nota del paciente"
      },
      "valueString": "Dolor de cabeza leve"
    }
  ]
}
