{
  "resourceType": "Bot",
  "name": "EPA HTA Monitoring Bot",
  "identifier": [
    {
      "system": "http://epa-bienestar.com.ar/fhir/identifier/bot",
      "value": "hta-monitoring-bot"
    }
  ],
  "description": "Bot de monitoreo automático de presión arterial crítica. Detecta valores que requieren atención médica inmediata y genera alertas y tareas para el equipo cardiovascular.",
  "meta": {
    "tag": [
      {
        "system": "http://epa-bienestar.com.ar/fhir/tags",
        "code": "cardiovascular-monitoring",
        "display": "Monitoreo Cardiovascular"
      },
      {
        "system": "http://epa-bienestar.com.ar/fhir/tags",
        "code": "automation",
        "display": "Automatización"
      },
      {
        "system": "http://epa-bienestar.com.ar/fhir/tags",
        "code": "production",
        "display": "Producción"
      }
    ]
  },
  "runtimeVersion": "vmcontext",
  "executableCode": {
    "contentType": "application/javascript",
    "title": "hta-monitoring-bot.js",
    "data": ""
  }
}
